byte,version,bases,length
1,1,"base45,base64,base94",2
2,1,"base45,base64,base94",3
3,1,"base64,base94",4
4,1,"base94",5
5,1,"base64,base94",7
6,1,"base64,base94",8
7,1,"base94",9
8,1,"base94",10
9,1,"base64,base94",12
10,1,"base94",13
11,1,"base94",14
12,1,"base94",15
13,1,"base94",17
14,2,"base94",18
15,2,"base94",19
16,2,"base94",20
17,2,"base94",22
18,2,"base94",23
19,2,"base94",24
20,2,"base94",25
21,2,"base94",27
22,2,"base94",28
23,2,"base94",29
24,2,"base94",30
25,2,"base94",32
26,3,"base94",33
27,3,"base94",34
28,3,"base94",35
29,3,"base94",37
30,3,"base94",38
31,3,"base94",39
32,3,"base94",40
33,3,"base94",42
34,3,"base94",43
35,3,"base94",44
36,3,"base94",45
37,3,"base94",47
38,3,"base94",48
39,3,"base94",49
40,3,"base94",50
41,3,"base94",52
42,3,"base94",53
43,4,"base94",54
44,4,"base94",55
45,4,"base94",57
46,4,"base94",58
47,4,"base94",59
48,4,"base94",60
49,4,"base94",62
50,4,"base94",63
51,4,"base94",64
52,4,"base94",65
53,4,"base94",67
54,4,"base94",68
55,4,"base94",69
56,4,"base94",70
57,4,"base94",72
58,4,"base94",73
59,4,"base94",74
60,4,"base94",75
61,4,"base94",77
62,4,"base94",78
63,5,"base94",79
64,5,"base94",80
65,5,"base94",82
66,5,"base94",83
67,5,"base94",84
68,5,"base94",85
69,5,"base94",87
70,5,"base94",88
71,5,"base94",89
72,5,"base94",90
73,5,"base94",92
74,5,"base94",93
75,5,"base94",94
76,5,"base94",95
77,5,"base94",97
78,5,"base94",98
79,5,"base94",99
80,5,"base94",100
81,5,"base94",102
82,5,"base94",103
83,5,"base94",104
84,5,"base94",105
85,6,"base94",107
86,6,"base94",108
87,6,"base94",109
88,6,"base94",110
89,6,"base94",112
90,6,"base94",113
91,6,"base94",114
92,6,"base94",115
93,6,"base94",117
94,6,"base94",118
95,6,"base94",119
96,6,"base94",120
97,6,"base94",122
98,6,"base94",123
99,6,"base94",124
100,6,"base94",125
101,6,"base94",127
102,6,"base94",128
103,6,"base94",129
104,6,"base94",130
105,6,"base94",132
106,6,"base94",133
107,6,"base94",134
108,7,"base94",135
109,7,"base94",137
110,7,"base94",138
111,7,"base94",139
112,7,"base94",140
113,7,"base94",142
114,7,"base94",143
115,7,"base94",144
116,7,"base94",145
117,7,"base94",147
118,7,"base94",148
119,7,"base94",149
120,7,"base94",150
121,7,"base94",152
122,7,"base94",153
123,7,"base94",154
124,8,"base94",155
125,8,"base94",157
126,8,"base94",158
127,8,"base94",159
128,8,"base94",160
129,8,"base94",162
130,8,"base94",163
131,8,"base94",164
132,8,"base94",165
133,8,"base94",167
134,8,"base94",168
135,8,"base94",169
136,8,"base94",170
137,8,"base94",172
138,8,"base94",173
139,8,"base94",174
140,8,"base94",175
141,8,"base94",177
142,8,"base94",178
143,8,"base94",179
144,8,"base94",180
145,8,"base94",182
146,8,"base94",183
147,8,"base94",184
148,8,"base94",185
149,8,"base94",187
150,8,"base94",188
151,8,"base94",189
152,8,"base94",190
153,8,"base94",192
154,9,"base94",193
155,9,"base94",194
156,9,"base94",195
157,9,"base94",197
158,9,"base94",198
159,9,"base94",199
160,9,"base94",200
161,9,"base94",202
162,9,"base94",203
163,9,"base94",204
164,9,"base94",205
165,9,"base94",207
166,9,"base94",208
167,9,"base94",209
168,9,"base94",210
169,9,"base94",212
170,9,"base94",213
171,9,"base94",214
172,9,"base94",215
173,9,"base94",217
174,9,"base94",218
175,9,"base94",219
176,9,"base94",220
177,9,"base94",222
178,9,"base94",223
179,9,"base94",224
180,9,"base94",225
181,9,"base94",227
182,9,"base94",228
183,9,"base94",229
184,9,"base94",230
185,10,"base94",232
186,10,"base94",233
187,10,"base94",234
188,10,"base94",235
189,10,"base94",237
190,10,"base94",238
191,10,"base94",239
192,10,"base94",240
193,10,"base94",242
194,10,"base94",243
195,10,"base94",244
196,10,"base94",245
197,10,"base94",247
198,10,"base94",248
199,10,"base94",249
200,10,"base94",250
201,10,"base94",252
202,10,"base94",253
203,10,"base94",254
204,10,"base94",255
205,10,"base94",257
206,10,"base94",258
207,10,"base94",259
208,10,"base94",260
209,10,"base94",262
210,10,"base94",263
211,10,"base94",264
212,10,"base94",265
213,10,"base94",267
214,10,"base94",268
215,10,"base94",269
216,10,"base94",270
217,11,"base94",272
218,11,"base94",273
219,11,"base94",274
220,11,"base94",275
221,11,"base94",277
222,11,"base94",278
223,11,"base94",279
224,11,"base94",280
225,11,"base94",282
226,11,"base94",283
227,11,"base94",284
228,11,"base94",285
229,11,"base94",287
230,11,"base94",288
231,11,"base94",289
232,11,"base94",290
233,11,"base94",292
234,11,"base94",293
235,11,"base94",294
236,11,"base94",295
237,11,"base94",297
238,11,"base94",298
239,11,"base94",299
240,11,"base94",300
241,11,"base94",302
242,11,"base94",303
243,11,"base94",304
244,11,"base94",305
245,11,"base94",307
246,11,"base94",308
247,11,"base94",309
248,11,"base94",310
249,11,"base94",312
250,11,"base94",313
251,11,"base94",314
252,11,"base94",315
253,11,"base94",317
254,11,"base94",318
255,11,"base94",319
256,11,"base94",320
257,12,"base94",322
258,12,"base94",323
259,12,"base94",324
260,12,"base94",325
261,12,"base94",327
262,12,"base94",328
263,12,"base94",329
264,12,"base94",330
265,12,"base94",332
266,12,"base94",333
267,12,"base94",334
268,12,"base94",335
269,12,"base94",337
270,12,"base94",338
271,12,"base94",339
272,12,"base94",340
273,12,"base94",342
274,12,"base94",343
275,12,"base94",344
276,12,"base94",345
277,12,"base94",347
278,12,"base94",348
279,12,"base94",349
280,12,"base94",350
281,12,"base94",352
282,12,"base94",353
283,12,"base94",354
284,12,"base94",355
285,12,"base94",357
286,12,"base94",358
287,12,"base94",359
288,12,"base94",360
289,12,"base94",362
290,12,"base94",363
291,12,"base94",364
292,12,"base94",365
293,12,"base94",367
294,13,"base94",368
295,13,"base94",369
296,13,"base94",370
297,13,"base94",372
298,13,"base94",373
299,13,"base94",374
300,13,"base94",375
301,13,"base94",377
302,13,"base94",378
303,13,"base94",379
304,13,"base94",380
305,13,"base94",382
306,13,"base94",383
307,13,"base94",384
308,13,"base94",385
309,13,"base94",387
310,13,"base94",388
311,13,"base94",389
312,13,"base94",390
313,13,"base94",392
314,13,"base94",393
315,13,"base94",394
316,13,"base94",395
317,13,"base94",397
318,13,"base94",398
319,13,"base94",399
320,13,"base94",400
321,13,"base94",402
322,13,"base94",403
323,13,"base94",404
324,13,"base94",405
325,13,"base94",407
326,13,"base94",408
327,13,"base94",409
328,13,"base94",410
329,13,"base94",412
330,13,"base94",413
331,13,"base94",414
332,13,"base94",415
333,13,"base94",417
334,13,"base94",418
335,13,"base94",419
336,13,"base94",420
337,13,"base94",422
338,13,"base94",423
339,13,"base94",424
340,13,"base94",425
341,14,"base94",427
342,14,"base94",428
343,14,"base94",429
344,14,"base94",430
345,14,"base94",432
346,14,"base94",433
347,14,"base94",434
348,14,"base94",435
349,14,"base94",437
350,14,"base94",438
351,14,"base94",439
352,14,"base94",440
353,14,"base94",442
354,14,"base94",443
355,14,"base94",444
356,14,"base94",445
357,14,"base94",447
358,14,"base94",448
359,14,"base94",449
360,14,"base94",450
361,14,"base94",452
362,14,"base94",453
363,14,"base94",454
364,14,"base94",455
365,14,"base94",457
366,14,"base94",458
367,15,"base94",459
368,15,"base94",460
369,15,"base94",462
370,15,"base94",463
371,15,"base94",464
372,15,"base94",465
373,15,"base94",467
374,15,"base94",468
375,15,"base94",469
376,15,"base94",470
377,15,"base94",472
378,15,"base94",473
379,15,"base94",474
380,15,"base94",475
381,15,"base94",477
382,15,"base94",478
383,15,"base94",479
384,15,"base94",480
385,15,"base94",482
386,15,"base94",483
387,15,"base94",484
388,15,"base94",485
389,15,"base94",487
390,15,"base94",488
391,15,"base94",489
392,15,"base94",490
393,15,"base94",492
394,15,"base94",493
395,15,"base94",494
396,15,"base94",495
397,15,"base94",497
398,15,"base94",498
399,15,"base94",499
400,15,"base94",500
401,15,"base94",502
402,15,"base94",503
403,15,"base94",504
404,15,"base94",505
405,15,"base94",507
406,15,"base94",508
407,15,"base94",509
408,15,"base94",510
409,15,"base94",512
410,15,"base94",513
411,15,"base94",514
412,15,"base94",515
413,15,"base94",517
414,15,"base94",518
415,15,"base94",519
416,15,"base94",520
417,16,"base94",522
418,16,"base94",523
419,16,"base94",524
420,16,"base94",525
421,16,"base94",527
422,16,"base94",528
423,16,"base94",529
424,16,"base94",530
425,16,"base94",532
426,16,"base94",533
427,16,"base94",534
428,16,"base94",535
429,16,"base94",537
430,16,"base94",538
431,16,"base94",539
432,16,"base94",540
433,16,"base94",542
434,16,"base94",543
435,16,"base94",544
436,16,"base94",545
437,16,"base94",547
438,16,"base94",548
439,16,"base94",549
440,16,"base94",550
441,16,"base94",552
442,16,"base94",553
443,16,"base94",554
444,16,"base94",555
445,16,"base94",557
446,16,"base94",558
447,16,"base94",559
448,16,"base94",560
449,16,"base94",562
450,16,"base94",563
451,16,"base94",564
452,16,"base94",565
453,16,"base94",567
454,16,"base94",568
455,16,"base94",569
456,16,"base94",570
457,16,"base94",572
458,16,"base94",573
459,16,"base94",574
460,16,"base94",575
461,16,"base94",577
462,16,"base94",578
463,16,"base94",579
464,16,"base94",580
465,16,"base94",582
466,16,"base94",583
467,16,"base94",584
468,16,"base94",585
469,17,"base94",587
470,17,"base94",588
471,17,"base94",589
472,17,"base94",590
473,17,"base94",592
474,17,"base94",593
475,17,"base94",594
476,17,"base94",595
477,17,"base94",597
478,17,"base94",598
479,17,"base94",599
480,17,"base94",600
481,17,"base94",602
482,17,"base94",603
483,17,"base94",604
484,17,"base94",605
485,17,"base94",607
486,17,"base94",608
487,17,"base94",609
488,17,"base94",610
489,17,"base94",612
490,17,"base94",613
491,17,"base94",614
492,17,"base94",615
493,17,"base94",617
494,17,"base94",618
495,17,"base94",619
496,17,"base94",620
497,17,"base94",622
498,17,"base94",623
499,17,"base94",624
500,17,"base94",625
501,17,"base94",627
502,17,"base94",628
503,17,"base94",629
504,17,"base94",630
505,17,"base94",632
506,17,"base94",633
507,17,"base94",634
508,17,"base94",635
509,17,"base94",637
510,17,"base94",638
511,17,"base94",639
512,17,"base94",640
513,17,"base94",642
514,17,"base94",643
515,17,"base94",644
516,18,"base94",645
517,18,"base94",647
518,18,"base94",648
519,18,"base94",649
520,18,"base94",650
521,18,"base94",652
522,18,"base94",653
523,18,"base94",654
524,18,"base94",655
525,18,"base94",657
526,18,"base94",658
527,18,"base94",659
528,18,"base94",660
529,18,"base94",662
530,18,"base94",663
531,18,"base94",664
532,18,"base94",665
533,18,"base94",667
534,18,"base94",668
535,18,"base94",669
536,18,"base94",670
537,18,"base94",672
538,18,"base94",673
539,18,"base94",674
540,18,"base94",675
541,18,"base94",677
542,18,"base94",678
543,18,"base94",679
544,18,"base94",680
545,18,"base94",682
546,18,"base94",683
547,18,"base94",684
548,18,"base94",685
549,18,"base94",687
550,18,"base94",688
551,18,"base94",689
552,18,"base94",690
553,18,"base94",692
554,18,"base94",693
555,18,"base94",694
556,18,"base94",695
557,18,"base94",697
558,18,"base94",698
559,18,"base94",699
560,18,"base94",700
561,18,"base94",702
562,18,"base94",703
563,18,"base94",704
564,18,"base94",705
565,18,"base94",707
566,18,"base94",708
567,18,"base94",709
568,18,"base94",710
569,18,"base94",712
570,18,"base94",713
571,18,"base94",714
572,18,"base94",715
573,18,"base94",717
574,18,"base94",718
575,19,"base94",719
576,19,"base94",720
577,19,"base94",722
578,19,"base94",723
579,19,"base94",724
580,19,"base94",725
581,19,"base94",727
582,19,"base94",728
583,19,"base94",729
584,19,"base94",730
585,19,"base94",732
586,19,"base94",733
587,19,"base94",734
588,19,"base94",735
589,19,"base94",737
590,19,"base94",738
591,19,"base94",739
592,19,"base94",740
593,19,"base94",742
594,19,"base94",743
595,19,"base94",744
596,19,"base94",745
597,19,"base94",747
598,19,"base94",748
599,19,"base94",749
600,19,"base94",750
601,19,"base94",752
602,19,"base94",753
603,19,"base94",754
604,19,"base94",755
605,19,"base94",757
606,19,"base94",758
607,19,"base94",759
608,19,"base94",760
609,19,"base94",762
610,19,"base94",763
611,19,"base94",764
612,19,"base94",765
613,19,"base94",767
614,19,"base94",768
615,19,"base94",769
616,19,"base94",770
617,19,"base94",772
618,19,"base94",773
619,19,"base94",774
620,19,"base94",775
621,19,"base94",777
622,19,"base94",778
623,19,"base94",779
624,19,"base94",780
625,19,"base94",782
626,19,"base94",783
627,19,"base94",784
628,19,"base94",785
629,19,"base94",787
630,19,"base94",788
631,19,"base94",789
632,19,"base94",790
633,19,"base94",792
634,20,"base94",793
635,20,"base94",794
636,20,"base94",795
637,20,"base94",797
638,20,"base94",798
639,20,"base94",799
640,20,"base94",800
641,20,"base94",802
642,20,"base94",803
643,20,"base94",804
644,20,"base94",805
645,20,"base94",807
646,20,"base94",808
647,20,"base94",809
648,20,"base94",810
649,20,"base94",812
650,20,"base94",813
651,20,"base94",814
652,20,"base94",815
653,20,"base94",817
654,20,"base94",818
655,20,"base94",819
656,20,"base94",820
657,20,"base94",822
658,20,"base94",823
659,20,"base94",824
660,20,"base94",825
661,20,"base94",827
662,20,"base94",828
663,20,"base94",829
664,20,"base94",830
665,20,"base94",832
666,20,"base94",833
667,20,"base94",834
668,20,"base94",835
669,20,"base94",837
670,20,"base94",838
671,20,"base94",839
672,20,"base94",840
673,20,"base94",842
674,20,"base94",843
675,20,"base94",844
676,20,"base94",845
677,20,"base94",847
678,20,"base94",848
679,20,"base94",849
680,20,"base94",850
681,20,"base94",852
682,20,"base94",853
683,20,"base94",854
684,20,"base94",855
685,20,"base94",857
686,20,"base94",858
687,21,"base94",859
688,21,"base94",860
689,21,"base94",862
690,21,"base94",863
691,21,"base94",864
692,21,"base94",865
693,21,"base94",867
694,21,"base94",868
695,21,"base94",869
696,21,"base94",870
697,21,"base94",872
698,21,"base94",873
699,21,"base94",874
700,21,"base94",875
701,21,"base94",877
702,21,"base94",878
703,21,"base94",879
704,21,"base94",880
705,21,"base94",882
706,21,"base94",883
707,21,"base94",884
708,21,"base94",885
709,21,"base94",887
710,21,"base94",888
711,21,"base94",889
712,21,"base94",890
713,21,"base94",892
714,21,"base94",893
715,21,"base94",894
716,21,"base94",895
717,21,"base94",897
718,21,"base94",898
719,21,"base94",899
720,21,"base94",900
721,21,"base94",902
722,21,"base94",903
723,21,"base94",904
724,21,"base94",905
725,21,"base94",907
726,21,"base94",908
727,21,"base94",909
728,21,"base94",910
729,21,"base94",912
730,21,"base94",913
731,21,"base94",914
732,21,"base94",915
733,21,"base94",917
734,21,"base94",918
735,21,"base94",919
736,21,"base94",920
737,21,"base94",922
738,21,"base94",923
739,21,"base94",924
740,21,"base94",925
741,21,"base94",927
742,21,"base94",928
743,21,"base94",929
744,22,"base94",930
745,22,"base94",932
746,22,"base94",933
747,22,"base94",934
748,22,"base94",935
749,22,"base94",937
750,22,"base94",938
751,22,"base94",939
752,22,"base94",940
753,22,"base94",942
754,22,"base94",943
755,22,"base94",944
756,22,"base94",945
757,22,"base94",947
758,22,"base94",948
759,22,"base94",949
760,22,"base94",950
761,22,"base94",952
762,22,"base94",953
763,22,"base94",954
764,22,"base94",955
765,22,"base94",957
766,22,"base94",958
767,22,"base94",959
768,22,"base94",960
769,22,"base94",962
770,22,"base94",963
771,22,"base94",964
772,22,"base94",965
773,22,"base94",967
774,22,"base94",968
775,22,"base94",969
776,22,"base94",970
777,22,"base94",972
778,22,"base94",973
779,22,"base94",974
780,22,"base94",975
781,22,"base94",977
782,22,"base94",978
783,22,"base94",979
784,22,"base94",980
785,22,"base94",982
786,22,"base94",983
787,22,"base94",984
788,22,"base94",985
789,22,"base94",987
790,22,"base94",988
791,22,"base94",989
792,22,"base94",990
793,22,"base94",992
794,22,"base94",993
795,22,"base94",994
796,22,"base94",995
797,22,"base94",997
798,22,"base94",998
799,22,"base94",999
800,22,"base94",1000
801,22,"base94",1002
802,22,"base94",1003
803,23,"base94",1004
804,23,"base94",1005
805,23,"base94",1007
806,23,"base94",1008
807,23,"base94",1009
808,23,"base94",1010
809,23,"base94",1012
810,23,"base94",1013
811,23,"base94",1014
812,23,"base94",1015
813,23,"base94",1017
814,23,"base94",1018
815,23,"base94",1019
816,23,"base94",1020
817,23,"base94",1022
818,23,"base94",1023
819,23,"base94",1024
820,23,"base94",1025
821,23,"base94",1027
822,23,"base94",1028
823,23,"base94",1029
824,23,"base94",1030
825,23,"base94",1032
826,23,"base94",1033
827,23,"base94",1034
828,23,"base94",1035
829,23,"base94",1037
830,23,"base94",1038
831,23,"base94",1039
832,23,"base94",1040
833,23,"base94",1042
834,23,"base94",1043
835,23,"base94",1044
836,23,"base94",1045
837,23,"base94",1047
838,23,"base94",1048
839,23,"base94",1049
840,23,"base94",1050
841,23,"base94",1052
842,23,"base94",1053
843,23,"base94",1054
844,23,"base94",1055
845,23,"base94",1057
846,23,"base94",1058
847,23,"base94",1059
848,23,"base94",1060
849,23,"base94",1062
850,23,"base94",1063
851,23,"base94",1064
852,23,"base94",1065
853,23,"base94",1067
854,23,"base94",1068
855,23,"base94",1069
856,23,"base94",1070
857,23,"base94",1072
858,23,"base94",1073
859,23,"base94",1074
860,23,"base94",1075
861,23,"base94",1077
862,23,"base94",1078
863,23,"base94",1079
864,23,"base94",1080
865,23,"base94",1082
866,23,"base94",1083
867,23,"base94",1084
868,23,"base94",1085
869,23,"base94",1087
870,23,"base94",1088
871,23,"base94",1089
872,23,"base94",1090
873,24,"base94",1092
874,24,"base94",1093
875,24,"base94",1094
876,24,"base94",1095
877,24,"base94",1097
878,24,"base94",1098
879,24,"base94",1099
880,24,"base94",1100
881,24,"base94",1102
882,24,"base94",1103
883,24,"base94",1104
884,24,"base94",1105
885,24,"base94",1107
886,24,"base94",1108
887,24,"base94",1109
888,24,"base94",1110
889,24,"base94",1112
890,24,"base94",1113
891,24,"base94",1114
892,24,"base94",1115
893,24,"base94",1117
894,24,"base94",1118
895,24,"base94",1119
896,24,"base94",1120
897,24,"base94",1122
898,24,"base94",1123
899,24,"base94",1124
900,24,"base94",1125
901,24,"base94",1127
902,24,"base94",1128
903,24,"base94",1129
904,24,"base94",1130
905,24,"base94",1132
906,24,"base94",1133
907,24,"base94",1134
908,24,"base94",1135
909,24,"base94",1137
910,24,"base94",1138
911,24,"base94",1139
912,24,"base94",1140
913,24,"base94",1142
914,24,"base94",1143
915,24,"base94",1144
916,24,"base94",1145
917,24,"base94",1147
918,24,"base94",1148
919,24,"base94",1149
920,24,"base94",1150
921,24,"base94",1152
922,24,"base94",1153
923,24,"base94",1154
924,24,"base94",1155
925,24,"base94",1157
926,24,"base94",1158
927,24,"base94",1159
928,24,"base94",1160
929,24,"base94",1162
930,24,"base94",1163
931,24,"base94",1164
932,24,"base94",1165
933,24,"base94",1167
934,24,"base94",1168
935,24,"base94",1169
936,24,"base94",1170
937,25,"base94",1172
938,25,"base94",1173
939,25,"base94",1174
940,25,"base94",1175
941,25,"base94",1177
942,25,"base94",1178
943,25,"base94",1179
944,25,"base94",1180
945,25,"base94",1182
946,25,"base94",1183
947,25,"base94",1184
948,25,"base94",1185
949,25,"base94",1187
950,25,"base94",1188
951,25,"base94",1189
952,25,"base94",1190
953,25,"base94",1192
954,25,"base94",1193
955,25,"base94",1194
956,25,"base94",1195
957,25,"base94",1197
958,25,"base94",1198
959,25,"base94",1199
960,25,"base94",1200
961,25,"base94",1202
962,25,"base94",1203
963,25,"base94",1204
964,25,"base94",1205
965,25,"base94",1207
966,25,"base94",1208
967,25,"base94",1209
968,25,"base94",1210
969,25,"base94",1212
970,25,"base94",1213
971,25,"base94",1214
972,25,"base94",1215
973,25,"base94",1217
974,25,"base94",1218
975,25,"base94",1219
976,25,"base94",1220
977,25,"base94",1222
978,25,"base94",1223
979,25,"base94",1224
980,25,"base94",1225
981,25,"base94",1227
982,25,"base94",1228
983,25,"base94",1229
984,25,"base94",1230
985,25,"base94",1232
986,25,"base94",1233
987,25,"base94",1234
988,25,"base94",1235
989,25,"base94",1237
990,25,"base94",1238
991,25,"base94",1239
992,25,"base94",1240
993,25,"base94",1242
994,25,"base94",1243
995,25,"base94",1244
996,25,"base94",1245
997,25,"base94",1247
998,25,"base94",1248
999,25,"base94",1249
1000,25,"base94",1250
1001,25,"base94",1252
1002,25,"base94",1253
1003,25,"base94",1254
1004,25,"base94",1255
1005,25,"base94",1257
1006,25,"base94",1258
1007,25,"base94",1259
1008,25,"base94",1260
1009,25,"base94",1262
1010,25,"base94",1263
1011,25,"base94",1264
1012,25,"base94",1265
1013,25,"base94",1267
1014,25,"base94",1268
1015,25,"base94",1269
1016,25,"base94",1270
1017,25,"base94",1272
1018,25,"base94",1273
1019,26,"base94",1274
1020,26,"base94",1275
1021,26,"base94",1277
1022,26,"base94",1278
1023,26,"base94",1279
1024,26,"base94",1280
1025,26,"base94",1282
1026,26,"base94",1283
1027,26,"base94",1284
1028,26,"base94",1285
1029,26,"base94",1287
1030,26,"base94",1288
1031,26,"base94",1289
1032,26,"base94",1290
1033,26,"base94",1292
1034,26,"base94",1293
1035,26,"base94",1294
1036,26,"base94",1295
1037,26,"base94",1297
1038,26,"base94",1298
1039,26,"base94",1299
1040,26,"base94",1300
1041,26,"base94",1302
1042,26,"base94",1303
1043,26,"base94",1304
1044,26,"base94",1305
1045,26,"base94",1307
1046,26,"base94",1308
1047,26,"base94",1309
1048,26,"base94",1310
1049,26,"base94",1312
1050,26,"base94",1313
1051,26,"base94",1314
1052,26,"base94",1315
1053,26,"base94",1317
1054,26,"base94",1318
1055,26,"base94",1319
1056,26,"base94",1320
1057,26,"base94",1322
1058,26,"base94",1323
1059,26,"base94",1324
1060,26,"base94",1325
1061,26,"base94",1327
1062,26,"base94",1328
1063,26,"base94",1329
1064,26,"base94",1330
1065,26,"base94",1332
1066,26,"base94",1333
1067,26,"base94",1334
1068,26,"base94",1335
1069,26,"base94",1337
1070,26,"base94",1338
1071,26,"base94",1339
1072,26,"base94",1340
1073,26,"base94",1342
1074,26,"base94",1343
1075,26,"base94",1344
1076,26,"base94",1345
1077,26,"base94",1347
1078,26,"base94",1348
1079,26,"base94",1349
1080,26,"base94",1350
1081,26,"base94",1352
1082,26,"base94",1353
1083,26,"base94",1354
1084,26,"base94",1355
1085,26,"base94",1357
1086,26,"base94",1358
1087,26,"base94",1359
1088,26,"base94",1360
1089,26,"base94",1362
1090,26,"base94",1363
1091,26,"base94",1364
1092,26,"base94",1365
1093,26,"base94",1367
1094,27,"base94",1368
1095,27,"base94",1369
1096,27,"base94",1370
1097,27,"base94",1372
1098,27,"base94",1373
1099,27,"base94",1374
1100,27,"base94",1375
1101,27,"base94",1377
1102,27,"base94",1378
1103,27,"base94",1379
1104,27,"base94",1380
1105,27,"base94",1382
1106,27,"base94",1383
1107,27,"base94",1384
1108,27,"base94",1385
1109,27,"base94",1387
1110,27,"base94",1388
1111,27,"base94",1389
1112,27,"base94",1390
1113,27,"base94",1392
1114,27,"base94",1393
1115,27,"base94",1394
1116,27,"base94",1395
1117,27,"base94",1397
1118,27,"base94",1398
1119,27,"base94",1399
1120,27,"base94",1400
1121,27,"base94",1402
1122,27,"base94",1403
1123,27,"base94",1404
1124,27,"base94",1405
1125,27,"base94",1407
1126,27,"base94",1408
1127,27,"base94",1409
1128,27,"base94",1410
1129,27,"base94",1412
1130,27,"base94",1413
1131,27,"base94",1414
1132,27,"base94",1415
1133,27,"base94",1417
1134,27,"base94",1418
1135,27,"base94",1419
1136,27,"base94",1420
1137,27,"base94",1422
1138,27,"base94",1423
1139,27,"base94",1424
1140,27,"base94",1425
1141,27,"base94",1427
1142,27,"base94",1428
1143,27,"base94",1429
1144,27,"base94",1430
1145,27,"base94",1432
1146,27,"base94",1433
1147,27,"base94",1434
1148,27,"base94",1435
1149,27,"base94",1437
1150,27,"base94",1438
1151,27,"base94",1439
1152,27,"base94",1440
1153,27,"base94",1442
1154,27,"base94",1443
1155,27,"base94",1444
1156,27,"base94",1445
1157,27,"base94",1447
1158,27,"base94",1448
1159,27,"base94",1449
1160,27,"base94",1450
1161,27,"base94",1452
1162,27,"base94",1453
1163,27,"base94",1454
1164,27,"base94",1455
1165,27,"base94",1457
1166,27,"base94",1458
1167,27,"base94",1459
1168,27,"base94",1460
1169,27,"base94",1462
1170,27,"base94",1463
1171,27,"base94",1464
1172,27,"base94",1465
1173,28,"base94",1467
1174,28,"base94",1468
1175,28,"base94",1469
1176,28,"base94",1470
1177,28,"base94",1472
1178,28,"base94",1473
1179,28,"base94",1474
1180,28,"base94",1475
1181,28,"base94",1477
1182,28,"base94",1478
1183,28,"base94",1479
1184,28,"base94",1480
1185,28,"base94",1482
1186,28,"base94",1483
1187,28,"base94",1484
1188,28,"base94",1485
1189,28,"base94",1487
1190,28,"base94",1488
1191,28,"base94",1489
1192,28,"base94",1490
1193,28,"base94",1492
1194,28,"base94",1493
1195,28,"base94",1494
1196,28,"base94",1495
1197,28,"base94",1497
1198,28,"base94",1498
1199,28,"base94",1499
1200,28,"base94",1500
1201,28,"base94",1502
1202,28,"base94",1503
1203,28,"base94",1504
1204,28,"base94",1505
1205,28,"base94",1507
1206,28,"base94",1508
1207,28,"base94",1509
1208,28,"base94",1510
1209,28,"base94",1512
1210,28,"base94",1513
1211,28,"base94",1514
1212,28,"base94",1515
1213,28,"base94",1517
1214,28,"base94",1518
1215,28,"base94",1519
1216,28,"base94",1520
1217,28,"base94",1522
1218,28,"base94",1523
1219,28,"base94",1524
1220,28,"base94",1525
1221,28,"base94",1527
1222,28,"base94",1528
1223,29,"base94",1529
1224,29,"base94",1530
1225,29,"base94",1532
1226,29,"base94",1533
1227,29,"base94",1534
1228,29,"base94",1535
1229,29,"base94",1537
1230,29,"base94",1538
1231,29,"base94",1539
1232,29,"base94",1540
1233,29,"base94",1542
1234,29,"base94",1543
1235,29,"base94",1544
1236,29,"base94",1545
1237,29,"base94",1547
1238,29,"base94",1548
1239,29,"base94",1549
1240,29,"base94",1550
1241,29,"base94",1552
1242,29,"base94",1553
1243,29,"base94",1554
1244,29,"base94",1555
1245,29,"base94",1557
1246,29,"base94",1558
1247,29,"base94",1559
1248,29,"base94",1560
1249,29,"base94",1562
1250,29,"base94",1563
1251,29,"base94",1564
1252,29,"base94",1565
1253,29,"base94",1567
1254,29,"base94",1568
1255,29,"base94",1569
1256,29,"base94",1570
1257,29,"base94",1572
1258,29,"base94",1573
1259,29,"base94",1574
1260,29,"base94",1575
1261,29,"base94",1577
1262,29,"base94",1578
1263,29,"base94",1579
1264,29,"base94",1580
1265,29,"base94",1582
1266,29,"base94",1583
1267,29,"base94",1584
1268,29,"base94",1585
1269,29,"base94",1587
1270,29,"base94",1588
1271,29,"base94",1589
1272,29,"base94",1590
1273,29,"base94",1592
1274,29,"base94",1593
1275,29,"base94",1594
1276,29,"base94",1595
1277,29,"base94",1597
1278,29,"base94",1598
1279,29,"base94",1599
1280,29,"base94",1600
1281,29,"base94",1602
1282,29,"base94",1603
1283,29,"base94",1604
1284,29,"base94",1605
1285,29,"base94",1607
1286,29,"base94",1608
1287,29,"base94",1609
1288,29,"base94",1610
1289,29,"base94",1612
1290,29,"base94",1613
1291,29,"base94",1614
1292,29,"base94",1615
1293,29,"base94",1617
1294,29,"base94",1618
1295,29,"base94",1619
1296,29,"base94",1620
1297,29,"base94",1622
1298,29,"base94",1623
1299,29,"base94",1624
1300,29,"base94",1625
1301,29,"base94",1627
1302,29,"base94",1628
1303,30,"base94",1629
1304,30,"base94",1630
1305,30,"base94",1632
1306,30,"base94",1633
1307,30,"base94",1634
1308,30,"base94",1635
1309,30,"base94",1637
1310,30,"base94",1638
1311,30,"base94",1639
1312,30,"base94",1640
1313,30,"base94",1642
1314,30,"base94",1643
1315,30,"base94",1644
1316,30,"base94",1645
1317,30,"base94",1647
1318,30,"base94",1648
1319,30,"base94",1649
1320,30,"base94",1650
1321,30,"base94",1652
1322,30,"base94",1653
1323,30,"base94",1654
1324,30,"base94",1655
1325,30,"base94",1657
1326,30,"base94",1658
1327,30,"base94",1659
1328,30,"base94",1660
1329,30,"base94",1662
1330,30,"base94",1663
1331,30,"base94",1664
1332,30,"base94",1665
1333,30,"base94",1667
1334,30,"base94",1668
1335,30,"base94",1669
1336,30,"base94",1670
1337,30,"base94",1672
1338,30,"base94",1673
1339,30,"base94",1674
1340,30,"base94",1675
1341,30,"base94",1677
1342,30,"base94",1678
1343,30,"base94",1679
1344,30,"base94",1680
1345,30,"base94",1682
1346,30,"base94",1683
1347,30,"base94",1684
1348,30,"base94",1685
1349,30,"base94",1687
1350,30,"base94",1688
1351,30,"base94",1689
1352,30,"base94",1690
1353,30,"base94",1692
1354,30,"base94",1693
1355,30,"base94",1694
1356,30,"base94",1695
1357,30,"base94",1697
1358,30,"base94",1698
1359,30,"base94",1699
1360,30,"base94",1700
1361,30,"base94",1702
1362,30,"base94",1703
1363,30,"base94",1704
1364,30,"base94",1705
1365,30,"base94",1707
1366,30,"base94",1708
1367,30,"base94",1709
1368,30,"base94",1710
1369,30,"base94",1712
1370,30,"base94",1713
1371,30,"base94",1714
1372,30,"base94",1715
1373,30,"base94",1717
1374,30,"base94",1718
1375,30,"base94",1719
1376,30,"base94",1720
1377,30,"base94",1722
1378,30,"base94",1723
1379,30,"base94",1724
1380,30,"base94",1725
1381,30,"base94",1727
1382,30,"base94",1728
1383,30,"base94",1729
1384,30,"base94",1730
1385,30,"base94",1732
1386,31,"base94",1733
1387,31,"base94",1734
1388,31,"base94",1735
1389,31,"base94",1737
1390,31,"base94",1738
1391,31,"base94",1739
1392,31,"base94",1740
1393,31,"base94",1742
1394,31,"base94",1743
1395,31,"base94",1744
1396,31,"base94",1745
1397,31,"base94",1747
1398,31,"base94",1748
1399,31,"base94",1749
1400,31,"base94",1750
1401,31,"base94",1752
1402,31,"base94",1753
1403,31,"base94",1754
1404,31,"base94",1755
1405,31,"base94",1757
1406,31,"base94",1758
1407,31,"base94",1759
1408,31,"base94",1760
1409,31,"base94",1762
1410,31,"base94",1763
1411,31,"base94",1764
1412,31,"base94",1765
1413,31,"base94",1767
1414,31,"base94",1768
1415,31,"base94",1769
1416,31,"base94",1770
1417,31,"base94",1772
1418,31,"base94",1773
1419,31,"base94",1774
1420,31,"base94",1775
1421,31,"base94",1777
1422,31,"base94",1778
1423,31,"base94",1779
1424,31,"base94",1780
1425,31,"base94",1782
1426,31,"base94",1783
1427,31,"base94",1784
1428,31,"base94",1785
1429,31,"base94",1787
1430,31,"base94",1788
1431,31,"base94",1789
1432,31,"base94",1790
1433,31,"base94",1792
1434,31,"base94",1793
1435,31,"base94",1794
1436,31,"base94",1795
1437,31,"base94",1797
1438,31,"base94",1798
1439,31,"base94",1799
1440,31,"base94",1800
1441,31,"base94",1802
1442,31,"base94",1803
1443,31,"base94",1804
1444,31,"base94",1805
1445,31,"base94",1807
1446,31,"base94",1808
1447,31,"base94",1809
1448,31,"base94",1810
1449,31,"base94",1812
1450,31,"base94",1813
1451,31,"base94",1814
1452,31,"base94",1815
1453,31,"base94",1817
1454,31,"base94",1818
1455,31,"base94",1819
1456,31,"base94",1820
1457,31,"base94",1822
1458,31,"base94",1823
1459,31,"base94",1824
1460,31,"base94",1825
1461,31,"base94",1827
1462,31,"base94",1828
1463,31,"base94",1829
1464,31,"base94",1830
1465,31,"base94",1832
1466,31,"base94",1833
1467,31,"base94",1834
1468,31,"base94",1835
1469,31,"base94",1837
1470,31,"base94",1838
1471,31,"base94",1839
1472,31,"base94",1840
1473,32,"base94",1842
1474,32,"base94",1843
1475,32,"base94",1844
1476,32,"base94",1845
1477,32,"base94",1847
1478,32,"base94",1848
1479,32,"base94",1849
1480,32,"base94",1850
1481,32,"base94",1852
1482,32,"base94",1853
1483,32,"base94",1854
1484,32,"base94",1855
1485,32,"base94",1857
1486,32,"base94",1858
1487,32,"base94",1859
1488,32,"base94",1860
1489,32,"base94",1862
1490,32,"base94",1863
1491,32,"base94",1864
1492,32,"base94",1865
1493,32,"base94",1867
1494,32,"base94",1868
1495,32,"base94",1869
1496,32,"base94",1870
1497,32,"base94",1872
1498,32,"base94",1873
1499,32,"base94",1874
1500,32,"base94",1875
1501,32,"base94",1877
1502,32,"base94",1878
1503,32,"base94",1879
1504,32,"base94",1880
1505,32,"base94",1882
1506,32,"base94",1883
1507,32,"base94",1884
1508,32,"base94",1885
1509,32,"base94",1887
1510,32,"base94",1888
1511,32,"base94",1889
1512,32,"base94",1890
1513,32,"base94",1892
1514,32,"base94",1893
1515,32,"base94",1894
1516,32,"base94",1895
1517,32,"base94",1897
1518,32,"base94",1898
1519,32,"base94",1899
1520,32,"base94",1900
1521,32,"base94",1902
1522,32,"base94",1903
1523,32,"base94",1904
1524,32,"base94",1905
1525,32,"base94",1907
1526,32,"base94",1908
1527,32,"base94",1909
1528,32,"base94",1910
1529,32,"base94",1912
1530,32,"base94",1913
1531,32,"base94",1914
1532,32,"base94",1915
1533,32,"base94",1917
1534,32,"base94",1918
1535,32,"base94",1919
1536,32,"base94",1920
1537,32,"base94",1922
1538,32,"base94",1923
1539,32,"base94",1924
1540,32,"base94",1925
1541,32,"base94",1927
1542,32,"base94",1928
1543,32,"base94",1929
1544,32,"base94",1930
1545,32,"base94",1932
1546,32,"base94",1933
1547,32,"base94",1934
1548,32,"base94",1935
1549,32,"base94",1937
1550,32,"base94",1938
1551,32,"base94",1939
1552,32,"base94",1940
1553,32,"base94",1942
1554,32,"base94",1943
1555,32,"base94",1944
1556,32,"base94",1945
1557,32,"base94",1947
1558,32,"base94",1948
1559,32,"base94",1949
1560,32,"base94",1950
1561,32,"base94",1952
1562,33,"base94",1953
1563,33,"base94",1954
1564,33,"base94",1955
1565,33,"base94",1957
1566,33,"base94",1958
1567,33,"base94",1959
1568,33,"base94",1960
1569,33,"base94",1962
1570,33,"base94",1963
1571,33,"base94",1964
1572,33,"base94",1965
1573,33,"base94",1967
1574,33,"base94",1968
1575,33,"base94",1969
1576,33,"base94",1970
1577,33,"base94",1972
1578,33,"base94",1973
1579,33,"base94",1974
1580,33,"base94",1975
1581,33,"base94",1977
1582,33,"base94",1978
1583,33,"base94",1979
1584,33,"base94",1980
1585,33,"base94",1982
1586,33,"base94",1983
1587,33,"base94",1984
1588,33,"base94",1985
1589,33,"base94",1987
1590,33,"base94",1988
1591,33,"base94",1989
1592,33,"base94",1990
1593,33,"base94",1992
1594,33,"base94",1993
1595,33,"base94",1994
1596,33,"base94",1995
1597,33,"base94",1997
1598,33,"base94",1998
1599,33,"base94",1999
1600,33,"base94",2000
1601,33,"base94",2002
1602,33,"base94",2003
1603,33,"base94",2004
1604,33,"base94",2005
1605,33,"base94",2007
1606,33,"base94",2008
1607,33,"base94",2009
1608,33,"base94",2010
1609,33,"base94",2012
1610,33,"base94",2013
1611,33,"base94",2014
1612,33,"base94",2015
1613,33,"base94",2017
1614,33,"base94",2018
1615,33,"base94",2019
1616,33,"base94",2020
1617,33,"base94",2022
1618,33,"base94",2023
1619,33,"base94",2024
1620,33,"base94",2025
1621,33,"base94",2027
1622,33,"base94",2028
1623,33,"base94",2029
1624,33,"base94",2030
1625,33,"base94",2032
1626,33,"base94",2033
1627,33,"base94",2034
1628,33,"base94",2035
1629,33,"base94",2037
1630,33,"base94",2038
1631,33,"base94",2039
1632,33,"base94",2040
1633,33,"base94",2042
1634,33,"base94",2043
1635,33,"base94",2044
1636,33,"base94",2045
1637,33,"base94",2047
1638,33,"base94",2048
1639,33,"base94",2049
1640,33,"base94",2050
1641,33,"base94",2052
1642,33,"base94",2053
1643,33,"base94",2054
1644,33,"base94",2055
1645,33,"base94",2057
1646,33,"base94",2058
1647,33,"base94",2059
1648,33,"base94",2060
1649,33,"base94",2062
1650,33,"base94",2063
1651,33,"base94",2064
1652,33,"base94",2065
1653,33,"base94",2067
1654,33,"base94",2068
1655,34,"base94",2069
1656,34,"base94",2070
1657,34,"base94",2072
1658,34,"base94",2073
1659,34,"base94",2074
1660,34,"base94",2075
1661,34,"base94",2077
1662,34,"base94",2078
1663,34,"base94",2079
1664,34,"base94",2080
1665,34,"base94",2082
1666,34,"base94",2083
1667,34,"base94",2084
1668,34,"base94",2085
1669,34,"base94",2087
1670,34,"base94",2088
1671,34,"base94",2089
1672,34,"base94",2090
1673,34,"base94",2092
1674,34,"base94",2093
1675,34,"base94",2094
1676,34,"base94",2095
1677,34,"base94",2097
1678,34,"base94",2098
1679,34,"base94",2099
1680,34,"base94",2100
1681,34,"base94",2102
1682,34,"base94",2103
1683,34,"base94",2104
1684,34,"base94",2105
1685,34,"base94",2107
1686,34,"base94",2108
1687,34,"base94",2109
1688,34,"base94",2110
1689,34,"base94",2112
1690,34,"base94",2113
1691,34,"base94",2114
1692,34,"base94",2115
1693,34,"base94",2117
1694,34,"base94",2118
1695,34,"base94",2119
1696,34,"base94",2120
1697,34,"base94",2122
1698,34,"base94",2123
1699,34,"base94",2124
1700,34,"base94",2125
1701,34,"base94",2127
1702,34,"base94",2128
1703,34,"base94",2129
1704,34,"base94",2130
1705,34,"base94",2132
1706,34,"base94",2133
1707,34,"base94",2134
1708,34,"base94",2135
1709,34,"base94",2137
1710,34,"base94",2138
1711,34,"base94",2139
1712,34,"base94",2140
1713,34,"base94",2142
1714,34,"base94",2143
1715,34,"base94",2144
1716,34,"base94",2145
1717,34,"base94",2147
1718,34,"base94",2148
1719,34,"base94",2149
1720,34,"base94",2150
1721,34,"base94",2152
1722,34,"base94",2153
1723,34,"base94",2154
1724,34,"base94",2155
1725,34,"base94",2157
1726,34,"base94",2158
1727,34,"base94",2159
1728,34,"base94",2160
1729,34,"base94",2162
1730,34,"base94",2163
1731,34,"base94",2164
1732,34,"base94",2165
1733,34,"base94",2167
1734,34,"base94",2168
1735,34,"base94",2169
1736,34,"base94",2170
1737,34,"base94",2172
1738,34,"base94",2173
1739,34,"base94",2174
1740,34,"base94",2175
1741,34,"base94",2177
1742,34,"base94",2178
1743,34,"base94",2179
1744,34,"base94",2180
1745,34,"base94",2182
1746,34,"base94",2183
1747,34,"base94",2184
1748,34,"base94",2185
1749,34,"base94",2187
1750,34,"base94",2188
1751,35,"base94",2189
1752,35,"base94",2190
1753,35,"base94",2192
1754,35,"base94",2193
1755,35,"base94",2194
1756,35,"base94",2195
1757,35,"base94",2197
1758,35,"base94",2198
1759,35,"base94",2199
1760,35,"base94",2200
1761,35,"base94",2202
1762,35,"base94",2203
1763,35,"base94",2204
1764,35,"base94",2205
1765,35,"base94",2207
1766,35,"base94",2208
1767,35,"base94",2209
1768,35,"base94",2210
1769,35,"base94",2212
1770,35,"base94",2213
1771,35,"base94",2214
1772,35,"base94",2215
1773,35,"base94",2217
1774,35,"base94",2218
1775,35,"base94",2219
1776,35,"base94",2220
1777,35,"base94",2222
1778,35,"base94",2223
1779,35,"base94",2224
1780,35,"base94",2225
1781,35,"base94",2227
1782,35,"base94",2228
1783,35,"base94",2229
1784,35,"base94",2230
1785,35,"base94",2232
1786,35,"base94",2233
1787,35,"base94",2234
1788,35,"base94",2235
1789,35,"base94",2237
1790,35,"base94",2238
1791,35,"base94",2239
1792,35,"base94",2240
1793,35,"base94",2242
1794,35,"base94",2243
1795,35,"base94",2244
1796,35,"base94",2245
1797,35,"base94",2247
1798,35,"base94",2248
1799,35,"base94",2249
1800,35,"base94",2250
1801,35,"base94",2252
1802,35,"base94",2253
1803,35,"base94",2254
1804,35,"base94",2255
1805,35,"base94",2257
1806,35,"base94",2258
1807,35,"base94",2259
1808,35,"base94",2260
1809,35,"base94",2262
1810,35,"base94",2263
1811,35,"base94",2264
1812,35,"base94",2265
1813,35,"base94",2267
1814,35,"base94",2268
1815,35,"base94",2269
1816,35,"base94",2270
1817,35,"base94",2272
1818,35,"base94",2273
1819,35,"base94",2274
1820,35,"base94",2275
1821,35,"base94",2277
1822,35,"base94",2278
1823,35,"base94",2279
1824,35,"base94",2280
1825,35,"base94",2282
1826,35,"base94",2283
1827,35,"base94",2284
1828,35,"base94",2285
1829,35,"base94",2287
1830,35,"base94",2288
1831,35,"base94",2289
1832,35,"base94",2290
1833,35,"base94",2292
1834,35,"base94",2293
1835,35,"base94",2294
1836,35,"base94",2295
1837,35,"base94",2297
1838,35,"base94",2298
1839,35,"base94",2299
1840,35,"base94",2300
1841,35,"base94",2302
1842,35,"base94",2303
1843,36,"base94",2304
1844,36,"base94",2305
1845,36,"base94",2307
1846,36,"base94",2308
1847,36,"base94",2309
1848,36,"base94",2310
1849,36,"base94",2312
1850,36,"base94",2313
1851,36,"base94",2314
1852,36,"base94",2315
1853,36,"base94",2317
1854,36,"base94",2318
1855,36,"base94",2319
1856,36,"base94",2320
1857,36,"base94",2322
1858,36,"base94",2323
1859,36,"base94",2324
1860,36,"base94",2325
1861,36,"base94",2327
1862,36,"base94",2328
1863,36,"base94",2329
1864,36,"base94",2330
1865,36,"base94",2332
1866,36,"base94",2333
1867,36,"base94",2334
1868,36,"base94",2335
1869,36,"base94",2337
1870,36,"base94",2338
1871,36,"base94",2339
1872,36,"base94",2340
1873,36,"base94",2342
1874,36,"base94",2343
1875,36,"base94",2344
1876,36,"base94",2345
1877,36,"base94",2347
1878,36,"base94",2348
1879,36,"base94",2349
1880,36,"base94",2350
1881,36,"base94",2352
1882,36,"base94",2353
1883,36,"base94",2354
1884,36,"base94",2355
1885,36,"base94",2357
1886,36,"base94",2358
1887,36,"base94",2359
1888,36,"base94",2360
1889,36,"base94",2362
1890,36,"base94",2363
1891,36,"base94",2364
1892,36,"base94",2365
1893,36,"base94",2367
1894,36,"base94",2368
1895,36,"base94",2369
1896,36,"base94",2370
1897,36,"base94",2372
1898,36,"base94",2373
1899,36,"base94",2374
1900,36,"base94",2375
1901,36,"base94",2377
1902,36,"base94",2378
1903,36,"base94",2379
1904,36,"base94",2380
1905,36,"base94",2382
1906,36,"base94",2383
1907,36,"base94",2384
1908,36,"base94",2385
1909,36,"base94",2387
1910,36,"base94",2388
1911,36,"base94",2389
1912,36,"base94",2390
1913,36,"base94",2392
1914,36,"base94",2393
1915,36,"base94",2394
1916,36,"base94",2395
1917,36,"base94",2397
1918,36,"base94",2398
1919,36,"base94",2399
1920,36,"base94",2400
1921,36,"base94",2402
1922,36,"base94",2403
1923,36,"base94",2404
1924,36,"base94",2405
1925,36,"base94",2407
1926,36,"base94",2408
1927,36,"base94",2409
1928,36,"base94",2410
1929,36,"base94",2412
1930,36,"base94",2413
1931,36,"base94",2414
1932,36,"base94",2415
1933,36,"base94",2417
1934,36,"base94",2418
1935,36,"base94",2419
1936,36,"base94",2420
1937,36,"base94",2422
1938,36,"base94",2423
1939,36,"base94",2424
1940,36,"base94",2425
1941,36,"base94",2427
1942,36,"base94",2428
1943,36,"base94",2429
1944,36,"base94",2430
1945,37,"base94",2432
1946,37,"base94",2433
1947,37,"base94",2434
1948,37,"base94",2435
1949,37,"base94",2437
1950,37,"base94",2438
1951,37,"base94",2439
1952,37,"base94",2440
1953,37,"base94",2442
1954,37,"base94",2443
1955,37,"base94",2444
1956,37,"base94",2445
1957,37,"base94",2447
1958,37,"base94",2448
1959,37,"base94",2449
1960,37,"base94",2450
1961,37,"base94",2452
1962,37,"base94",2453
1963,37,"base94",2454
1964,37,"base94",2455
1965,37,"base94",2457
1966,37,"base94",2458
1967,37,"base94",2459
1968,37,"base94",2460
1969,37,"base94",2462
1970,37,"base94",2463
1971,37,"base94",2464
1972,37,"base94",2465
1973,37,"base94",2467
1974,37,"base94",2468
1975,37,"base94",2469
1976,37,"base94",2470
1977,37,"base94",2472
1978,37,"base94",2473
1979,37,"base94",2474
1980,37,"base94",2475
1981,37,"base94",2477
1982,37,"base94",2478
1983,37,"base94",2479
1984,37,"base94",2480
1985,37,"base94",2482
1986,37,"base94",2483
1987,37,"base94",2484
1988,37,"base94",2485
1989,37,"base94",2487
1990,37,"base94",2488
1991,37,"base94",2489
1992,37,"base94",2490
1993,37,"base94",2492
1994,37,"base94",2493
1995,37,"base94",2494
1996,37,"base94",2495
1997,37,"base94",2497
1998,37,"base94",2498
1999,37,"base94",2499
2000,37,"base94",2500
2001,37,"base94",2502
2002,37,"base94",2503
2003,37,"base94",2504
2004,37,"base94",2505
2005,37,"base94",2507
2006,37,"base94",2508
2007,37,"base94",2509
2008,37,"base94",2510
2009,37,"base94",2512
2010,37,"base94",2513
2011,37,"base94",2514
2012,37,"base94",2515
2013,37,"base94",2517
2014,37,"base94",2518
2015,37,"base94",2519
2016,37,"base94",2520
2017,37,"base94",2522
2018,37,"base94",2523
2019,37,"base94",2524
2020,37,"base94",2525
2021,37,"base94",2527
2022,37,"base94",2528
2023,37,"base94",2529
2024,37,"base94",2530
2025,37,"base94",2532
2026,37,"base94",2533
2027,37,"base94",2534
2028,37,"base94",2535
2029,37,"base94",2537
2030,37,"base94",2538
2031,37,"base94",2539
2032,37,"base94",2540
2033,37,"base94",2542
2034,37,"base94",2543
2035,37,"base94",2544
2036,37,"base94",2545
2037,37,"base94",2547
2038,37,"base94",2548
2039,37,"base94",2549
2040,37,"base94",2550
2041,37,"base94",2552
2042,37,"base94",2553
2043,37,"base94",2554
2044,37,"base94",2555
2045,37,"base94",2557
2046,37,"base94",2558
2047,37,"base94",2559
2048,37,"base94",2560
2049,37,"base94",2562
2050,37,"base94",2563
2051,38,"base94",2564
2052,38,"base94",2565
2053,38,"base94",2567
2054,38,"base94",2568
2055,38,"base94",2569
2056,38,"base94",2570
2057,38,"base94",2572
2058,38,"base94",2573
2059,38,"base94",2574
2060,38,"base94",2575
2061,38,"base94",2577
2062,38,"base94",2578
2063,38,"base94",2579
2064,38,"base94",2580
2065,38,"base94",2582
2066,38,"base94",2583
2067,38,"base94",2584
2068,38,"base94",2585
2069,38,"base94",2587
2070,38,"base94",2588
2071,38,"base94",2589
2072,38,"base94",2590
2073,38,"base94",2592
2074,38,"base94",2593
2075,38,"base94",2594
2076,38,"base94",2595
2077,38,"base94",2597
2078,38,"base94",2598
2079,38,"base94",2599
2080,38,"base94",2600
2081,38,"base94",2602
2082,38,"base94",2603
2083,38,"base94",2604
2084,38,"base94",2605
2085,38,"base94",2607
2086,38,"base94",2608
2087,38,"base94",2609
2088,38,"base94",2610
2089,38,"base94",2612
2090,38,"base94",2613
2091,38,"base94",2614
2092,38,"base94",2615
2093,38,"base94",2617
2094,38,"base94",2618
2095,38,"base94",2619
2096,38,"base94",2620
2097,38,"base94",2622
2098,38,"base94",2623
2099,38,"base94",2624
2100,38,"base94",2625
2101,38,"base94",2627
2102,38,"base94",2628
2103,38,"base94",2629
2104,38,"base94",2630
2105,38,"base94",2632
2106,38,"base94",2633
2107,38,"base94",2634
2108,38,"base94",2635
2109,38,"base94",2637
2110,38,"base94",2638
2111,38,"base94",2639
2112,38,"base94",2640
2113,38,"base94",2642
2114,38,"base94",2643
2115,38,"base94",2644
2116,38,"base94",2645
2117,38,"base94",2647
2118,38,"base94",2648
2119,38,"base94",2649
2120,38,"base94",2650
2121,38,"base94",2652
2122,38,"base94",2653
2123,38,"base94",2654
2124,38,"base94",2655
2125,38,"base94",2657
2126,38,"base94",2658
2127,38,"base94",2659
2128,38,"base94",2660
2129,38,"base94",2662
2130,38,"base94",2663
2131,38,"base94",2664
2132,38,"base94",2665
2133,38,"base94",2667
2134,38,"base94",2668
2135,38,"base94",2669
2136,38,"base94",2670
2137,38,"base94",2672
2138,38,"base94",2673
2139,38,"base94",2674
2140,38,"base94",2675
2141,38,"base94",2677
2142,38,"base94",2678
2143,38,"base94",2679
2144,38,"base94",2680
2145,38,"base94",2682
2146,38,"base94",2683
2147,38,"base94",2684
2148,38,"base94",2685
2149,38,"base94",2687
2150,38,"base94",2688
2151,38,"base94",2689
2152,38,"base94",2690
2153,38,"base94",2692
2154,38,"base94",2693
2155,38,"base94",2694
2156,38,"base94",2695
2157,38,"base94",2697
2158,38,"base94",2698
2159,38,"base94",2699
2160,39,"base94",2700
2161,39,"base94",2702
2162,39,"base94",2703
2163,39,"base94",2704
2164,39,"base94",2705
2165,39,"base94",2707
2166,39,"base94",2708
2167,39,"base94",2709
2168,39,"base94",2710
2169,39,"base94",2712
2170,39,"base94",2713
2171,39,"base94",2714
2172,39,"base94",2715
2173,39,"base94",2717
2174,39,"base94",2718
2175,39,"base94",2719
2176,39,"base94",2720
2177,39,"base94",2722
2178,39,"base94",2723
2179,39,"base94",2724
2180,39,"base94",2725
2181,39,"base94",2727
2182,39,"base94",2728
2183,39,"base94",2729
2184,39,"base94",2730
2185,39,"base94",2732
2186,39,"base94",2733
2187,39,"base94",2734
2188,39,"base94",2735
2189,39,"base94",2737
2190,39,"base94",2738
2191,39,"base94",2739
2192,39,"base94",2740
2193,39,"base94",2742
2194,39,"base94",2743
2195,39,"base94",2744
2196,39,"base94",2745
2197,39,"base94",2747
2198,39,"base94",2748
2199,39,"base94",2749
2200,39,"base94",2750
2201,39,"base94",2752
2202,39,"base94",2753
2203,39,"base94",2754
2204,39,"base94",2755
2205,39,"base94",2757
2206,39,"base94",2758
2207,39,"base94",2759
2208,39,"base94",2760
2209,39,"base94",2762
2210,39,"base94",2763
2211,39,"base94",2764
2212,39,"base94",2765
2213,39,"base94",2767
2214,39,"base94",2768
2215,39,"base94",2769
2216,39,"base94",2770
2217,39,"base94",2772
2218,39,"base94",2773
2219,39,"base94",2774
2220,39,"base94",2775
2221,39,"base94",2777
2222,39,"base94",2778
2223,39,"base94",2779
2224,39,"base94",2780
2225,39,"base94",2782
2226,39,"base94",2783
2227,39,"base94",2784
2228,39,"base94",2785
2229,39,"base94",2787
2230,39,"base94",2788
2231,39,"base94",2789
2232,39,"base94",2790
2233,39,"base94",2792
2234,39,"base94",2793
2235,39,"base94",2794
2236,39,"base94",2795
2237,39,"base94",2797
2238,39,"base94",2798
2239,39,"base94",2799
2240,39,"base94",2800
2241,39,"base94",2802
2242,39,"base94",2803
2243,39,"base94",2804
2244,39,"base94",2805
2245,39,"base94",2807
2246,39,"base94",2808
2247,39,"base94",2809
2248,40,"base94",2810
2249,40,"base94",2812
2250,40,"base94",2813
2251,40,"base94",2814
2252,40,"base94",2815
2253,40,"base94",2817
2254,40,"base94",2818
2255,40,"base94",2819
2256,40,"base94",2820
2257,40,"base94",2822
2258,40,"base94",2823
2259,40,"base94",2824
2260,40,"base94",2825
2261,40,"base94",2827
2262,40,"base94",2828
2263,40,"base94",2829
2264,40,"base94",2830
2265,40,"base94",2832
2266,40,"base94",2833
2267,40,"base94",2834
2268,40,"base94",2835
2269,40,"base94",2837
2270,40,"base94",2838
2271,40,"base94",2839
2272,40,"base94",2840
2273,40,"base94",2842
2274,40,"base94",2843
2275,40,"base94",2844
2276,40,"base94",2845
2277,40,"base94",2847
2278,40,"base94",2848
2279,40,"base94",2849
2280,40,"base94",2850
2281,40,"base94",2852
2282,40,"base94",2853
2283,40,"base94",2854
2284,40,"base94",2855
2285,40,"base94",2857
2286,40,"base94",2858
2287,40,"base94",2859
2288,40,"base94",2860
2289,40,"base94",2862
2290,40,"base94",2863
2291,40,"base94",2864
2292,40,"base94",2865
2293,40,"base94",2867
2294,40,"base94",2868
2295,40,"base94",2869
2296,40,"base94",2870
2297,40,"base94",2872
2298,40,"base94",2873
2299,40,"base94",2874
2300,40,"base94",2875
2301,40,"base94",2877
2302,40,"base94",2878
2303,40,"base94",2879
2304,40,"base94",2880
2305,40,"base94",2882
2306,40,"base94",2883
2307,40,"base94",2884
2308,40,"base94",2885
2309,40,"base94",2887
2310,40,"base94",2888
2311,40,"base94",2889
2312,40,"base94",2890
2313,40,"base94",2892
2314,40,"base94",2893
2315,40,"base94",2894
2316,40,"base94",2895
2317,40,"base94",2897
2318,40,"base94",2898
2319,40,"base94",2899
2320,40,"base94",2900
2321,40,"base94",2902
2322,40,"base94",2903
2323,40,"base94",2904
2324,40,"base94",2905
2325,40,"base94",2907
2326,40,"base94",2908
2327,40,"base94",2909
2328,40,"base94",2910
2329,40,"base94",2912
2330,40,"base94",2913
2331,40,"base94",2914
2332,40,"base94",2915
2333,40,"base94",2917
2334,40,"base94",2918
2335,40,"base94",2919
2336,40,"base94",2920
2337,40,"base94",2922
2338,40,"base94",2923
2339,40,"base94",2924
2340,40,"base94",2925
2341,40,"base94",2927
2342,40,"base94",2928
2343,40,"base94",2929
2344,40,"base94",2930
2345,40,"base94",2932
2346,40,"base94",2933
2347,40,"base94",2934
2348,40,"base94",2935
2349,40,"base94",2937
2350,40,"base94",2938
2351,40,"base94",2939
2352,40,"base94",2940
2353,40,"base94",2942
2354,40,"base94",2943
2355,40,"base94",2944
2356,40,"base94",2945
2357,40,"base94",2947
2358,40,"base94",2948
2359,40,"base94",2949
2360,40,"base94",2950
2361,40,"base94",2952
2362,40,"base94",2953
2363,37,"base45",3545
2364,37,"base45",3546
2365,37,"base45",3548
2366,37,"base45",3549
2367,37,"base45",3551
2368,37,"base45",3552
2369,37,"base45",3554
2370,37,"base45",3555
2371,37,"base45",3557
2372,37,"base45",3558
2373,37,"base45",3560
2374,37,"base45",3561
2375,37,"base45",3563
2376,37,"base45",3564
2377,37,"base45",3566
2378,37,"base45",3567
2379,37,"base45",3569
2380,37,"base45",3570
2381,37,"base45",3572
2382,37,"base45",3573
2383,37,"base45",3575
2384,37,"base45",3576
2385,37,"base45",3578
2386,37,"base45",3579
2387,37,"base45",3581
2388,37,"base45",3582
2389,37,"base45",3584
2390,37,"base45",3585
2391,37,"base45",3587
2392,37,"base45",3588
2393,37,"base45",3590
2394,37,"base45",3591
2395,37,"base45",3593
2396,37,"base45",3594
2397,37,"base45",3596
2398,37,"base45",3597
2399,37,"base45",3599
2400,37,"base45",3600
2401,37,"base45",3602
2402,37,"base45",3603
2403,37,"base45",3605
2404,37,"base45",3606
2405,37,"base45",3608
2406,37,"base45",3609
2407,37,"base45",3611
2408,37,"base45",3612
2409,37,"base45",3614
2410,37,"base45",3615
2411,37,"base45",3617
2412,37,"base45",3618
2413,37,"base45",3620
2414,37,"base45",3621
2415,37,"base45",3623
2416,37,"base45",3624
2417,37,"base45",3626
2418,37,"base45",3627
2419,37,"base45",3629
2420,37,"base45",3630
2421,37,"base45",3632
2422,37,"base45",3633
2423,37,"base45",3635
2424,37,"base45",3636
2425,37,"base45",3638
2426,37,"base45",3639
2427,37,"base45",3641
2428,37,"base45",3642
2429,37,"base45",3644
2430,37,"base45",3645
2431,37,"base45",3647
2432,37,"base45",3648
2433,37,"base45",3650
2434,37,"base45",3651
2435,37,"base45",3653
2436,37,"base45",3654
2437,37,"base45",3656
2438,37,"base45",3657
2439,37,"base45",3659
2440,37,"base45",3660
2441,37,"base45",3662
2442,37,"base45",3663
2443,37,"base45",3665
2444,37,"base45",3666
2445,37,"base45",3668
2446,37,"base45",3669
2447,37,"base45",3671
2448,37,"base45",3672
2449,37,"base45",3674
2450,37,"base45",3675
2451,37,"base45",3677
2452,37,"base45",3678
2453,37,"base45",3680
2454,37,"base45",3681
2455,37,"base45",3683
2456,37,"base45",3684
2457,37,"base45",3686
2458,37,"base45",3687
2459,37,"base45",3689
2460,37,"base45",3690
2461,37,"base45",3692
2462,37,"base45",3693
2463,37,"base45",3695
2464,37,"base45",3696
2465,37,"base45",3698
2466,37,"base45",3699
2467,37,"base45",3701
2468,37,"base45",3702
2469,37,"base45",3704
2470,37,"base45",3705
2471,37,"base45",3707
2472,37,"base45",3708
2473,37,"base45",3710
2474,37,"base45",3711
2475,37,"base45",3713
2476,37,"base45",3714
2477,37,"base45",3716
2478,37,"base45",3717
2479,37,"base45",3719
2480,37,"base45",3720
2481,37,"base45",3722
2482,37,"base45",3723
2483,37,"base45",3725
2484,37,"base45",3726
2485,37,"base45",3728
2486,37,"base45",3729
2487,38,"base45",3731
2488,38,"base45",3732
2489,38,"base45",3734
2490,38,"base45",3735
2491,38,"base45",3737
2492,38,"base45",3738
2493,38,"base45",3740
2494,38,"base45",3741
2495,38,"base45",3743
2496,38,"base45",3744
2497,38,"base45",3746
2498,38,"base45",3747
2499,38,"base45",3749
2500,38,"base45",3750
2501,38,"base45",3752
2502,38,"base45",3753
2503,38,"base45",3755
2504,38,"base45",3756
2505,38,"base45",3758
2506,38,"base45",3759
2507,38,"base45",3761
2508,38,"base45",3762
2509,38,"base45",3764
2510,38,"base45",3765
2511,38,"base45",3767
2512,38,"base45",3768
2513,38,"base45",3770
2514,38,"base45",3771
2515,38,"base45",3773
2516,38,"base45",3774
2517,38,"base45",3776
2518,38,"base45",3777
2519,38,"base45",3779
2520,38,"base45",3780
2521,38,"base45",3782
2522,38,"base45",3783
2523,38,"base45",3785
2524,38,"base45",3786
2525,38,"base45",3788
2526,38,"base45",3789
2527,38,"base45",3791
2528,38,"base45",3792
2529,38,"base45",3794
2530,38,"base45",3795
2531,38,"base45",3797
2532,38,"base45",3798
2533,38,"base45",3800
2534,38,"base45",3801
2535,38,"base45",3803
2536,38,"base45",3804
2537,38,"base45",3806
2538,38,"base45",3807
2539,38,"base45",3809
2540,38,"base45",3810
2541,38,"base45",3812
2542,38,"base45",3813
2543,38,"base45",3815
2544,38,"base45",3816
2545,38,"base45",3818
2546,38,"base45",3819
2547,38,"base45",3821
2548,38,"base45",3822
2549,38,"base45",3824
2550,38,"base45",3825
2551,38,"base45",3827
2552,38,"base45",3828
2553,38,"base45",3830
2554,38,"base45",3831
2555,38,"base45",3833
2556,38,"base45",3834
2557,38,"base45",3836
2558,38,"base45",3837
2559,38,"base45",3839
2560,38,"base45",3840
2561,38,"base45",3842
2562,38,"base45",3843
2563,38,"base45",3845
2564,38,"base45",3846
2565,38,"base45",3848
2566,38,"base45",3849
2567,38,"base45",3851
2568,38,"base45",3852
2569,38,"base45",3854
2570,38,"base45",3855
2571,38,"base45",3857
2572,38,"base45",3858
2573,38,"base45",3860
2574,38,"base45",3861
2575,38,"base45",3863
2576,38,"base45",3864
2577,38,"base45",3866
2578,38,"base45",3867
2579,38,"base45",3869
2580,38,"base45",3870
2581,38,"base45",3872
2582,38,"base45",3873
2583,38,"base45",3875
2584,38,"base45",3876
2585,38,"base45",3878
2586,38,"base45",3879
2587,38,"base45",3881
2588,38,"base45",3882
2589,38,"base45",3884
2590,38,"base45",3885
2591,38,"base45",3887
2592,38,"base45",3888
2593,38,"base45",3890
2594,38,"base45",3891
2595,38,"base45",3893
2596,38,"base45",3894
2597,38,"base45",3896
2598,38,"base45",3897
2599,38,"base45",3899
2600,38,"base45",3900
2601,38,"base45",3902
2602,38,"base45",3903
2603,38,"base45",3905
2604,38,"base45",3906
2605,38,"base45",3908
2606,38,"base45",3909
2607,38,"base45",3911
2608,38,"base45",3912
2609,38,"base45",3914
2610,38,"base45",3915
2611,38,"base45",3917
2612,38,"base45",3918
2613,38,"base45",3920
2614,38,"base45",3921
2615,38,"base45",3923
2616,38,"base45",3924
2617,38,"base45",3926
2618,38,"base45",3927
2619,39,"base45",3929
2620,39,"base45",3930
2621,39,"base45",3932
2622,39,"base45",3933
2623,39,"base45",3935
2624,39,"base45",3936
2625,39,"base45",3938
2626,39,"base45",3939
2627,39,"base45",3941
2628,39,"base45",3942
2629,39,"base45",3944
2630,39,"base45",3945
2631,39,"base45",3947
2632,39,"base45",3948
2633,39,"base45",3950
2634,39,"base45",3951
2635,39,"base45",3953
2636,39,"base45",3954
2637,39,"base45",3956
2638,39,"base45",3957
2639,39,"base45",3959
2640,39,"base45",3960
2641,39,"base45",3962
2642,39,"base45",3963
2643,39,"base45",3965
2644,39,"base45",3966
2645,39,"base45",3968
2646,39,"base45",3969
2647,39,"base45",3971
2648,39,"base45",3972
2649,39,"base45",3974
2650,39,"base45",3975
2651,39,"base45",3977
2652,39,"base45",3978
2653,39,"base45",3980
2654,39,"base45",3981
2655,39,"base45",3983
2656,39,"base45",3984
2657,39,"base45",3986
2658,39,"base45",3987
2659,39,"base45",3989
2660,39,"base45",3990
2661,39,"base45",3992
2662,39,"base45",3993
2663,39,"base45",3995
2664,39,"base45",3996
2665,39,"base45",3998
2666,39,"base45",3999
2667,39,"base45",4001
2668,39,"base45",4002
2669,39,"base45",4004
2670,39,"base45",4005
2671,39,"base45",4007
2672,39,"base45",4008
2673,39,"base45",4010
2674,39,"base45",4011
2675,39,"base45",4013
2676,39,"base45",4014
2677,39,"base45",4016
2678,39,"base45",4017
2679,39,"base45",4019
2680,39,"base45",4020
2681,39,"base45",4022
2682,39,"base45",4023
2683,39,"base45",4025
2684,39,"base45",4026
2685,39,"base45",4028
2686,39,"base45",4029
2687,39,"base45",4031
2688,39,"base45",4032
2689,39,"base45",4034
2690,39,"base45",4035
2691,39,"base45",4037
2692,39,"base45",4038
2693,39,"base45",4040
2694,39,"base45",4041
2695,39,"base45",4043
2696,39,"base45",4044
2697,39,"base45",4046
2698,39,"base45",4047
2699,39,"base45",4049
2700,39,"base45",4050
2701,39,"base45",4052
2702,39,"base45",4053
2703,39,"base45",4055
2704,39,"base45",4056
2705,39,"base45",4058
2706,39,"base45",4059
2707,39,"base45",4061
2708,39,"base45",4062
2709,39,"base45",4064
2710,39,"base45",4065
2711,39,"base45",4067
2712,39,"base45",4068
2713,39,"base45",4070
2714,39,"base45",4071
2715,39,"base45",4073
2716,39,"base45",4074
2717,39,"base45",4076
2718,39,"base45",4077
2719,39,"base45",4079
2720,39,"base45",4080
2721,39,"base45",4082
2722,39,"base45",4083
2723,39,"base45",4085
2724,39,"base45",4086
2725,40,"base45",4088
2726,40,"base45",4089
2727,40,"base45",4091
2728,40,"base45",4092
2729,40,"base45",4094
2730,40,"base45",4095
2731,40,"base45",4097
2732,40,"base45",4098
2733,40,"base45",4100
2734,40,"base45",4101
2735,40,"base45",4103
2736,40,"base45",4104
2737,40,"base45",4106
2738,40,"base45",4107
2739,40,"base45",4109
2740,40,"base45",4110
2741,40,"base45",4112
2742,40,"base45",4113
2743,40,"base45",4115
2744,40,"base45",4116
2745,40,"base45",4118
2746,40,"base45",4119
2747,40,"base45",4121
2748,40,"base45",4122
2749,40,"base45",4124
2750,40,"base45",4125
2751,40,"base45",4127
2752,40,"base45",4128
2753,40,"base45",4130
2754,40,"base45",4131
2755,40,"base45",4133
2756,40,"base45",4134
2757,40,"base45",4136
2758,40,"base45",4137
2759,40,"base45",4139
2760,40,"base45",4140
2761,40,"base45",4142
2762,40,"base45",4143
2763,40,"base45",4145
2764,40,"base45",4146
2765,40,"base45",4148
2766,40,"base45",4149
2767,40,"base45",4151
2768,40,"base45",4152
2769,40,"base45",4154
2770,40,"base45",4155
2771,40,"base45",4157
2772,40,"base45",4158
2773,40,"base45",4160
2774,40,"base45",4161
2775,40,"base45",4163
2776,40,"base45",4164
2777,40,"base45",4166
2778,40,"base45",4167
2779,40,"base45",4169
2780,40,"base45",4170
2781,40,"base45",4172
2782,40,"base45",4173
2783,40,"base45",4175
2784,40,"base45",4176
2785,40,"base45",4178
2786,40,"base45",4179
2787,40,"base45",4181
2788,40,"base45",4182
2789,40,"base45",4184
2790,40,"base45",4185
2791,40,"base45",4187
2792,40,"base45",4188
2793,40,"base45",4190
2794,40,"base45",4191
2795,40,"base45",4193
2796,40,"base45",4194
2797,40,"base45",4196
2798,40,"base45",4197
2799,40,"base45",4199
2800,40,"base45",4200
2801,40,"base45",4202
2802,40,"base45",4203
2803,40,"base45",4205
2804,40,"base45",4206
2805,40,"base45",4208
2806,40,"base45",4209
2807,40,"base45",4211
2808,40,"base45",4212
2809,40,"base45",4214
2810,40,"base45",4215
2811,40,"base45",4217
2812,40,"base45",4218
2813,40,"base45",4220
2814,40,"base45",4221
2815,40,"base45",4223
2816,40,"base45",4224
2817,40,"base45",4226
2818,40,"base45",4227
2819,40,"base45",4229
2820,40,"base45",4230
2821,40,"base45",4232
2822,40,"base45",4233
2823,40,"base45",4235
2824,40,"base45",4236
2825,40,"base45",4238
2826,40,"base45",4239
2827,40,"base45",4241
2828,40,"base45",4242
2829,40,"base45",4244
2830,40,"base45",4245
2831,40,"base45",4247
2832,40,"base45",4248
2833,40,"base45",4250
2834,40,"base45",4251
2835,40,"base45",4253
2836,40,"base45",4254
2837,40,"base45",4256
2838,40,"base45",4257
2839,40,"base45",4259
2840,40,"base45",4260
2841,40,"base45",4262
2842,40,"base45",4263
2843,40,"base45",4265
2844,40,"base45",4266
2845,40,"base45",4268
2846,40,"base45",4269
2847,40,"base45",4271
2848,40,"base45",4272
2849,40,"base45",4274
2850,40,"base45",4275
2851,40,"base45",4277
2852,40,"base45",4278
2853,40,"base45",4280
2854,40,"base45",4281
2855,40,"base45",4283
2856,40,"base45",4284
2857,40,"base45",4286
2858,40,"base45",4287
2859,40,"base45",4289
2860,40,"base45",4290
2861,40,"base45",4292
2862,40,"base45",4293
2863,40,"base45",4295
2864,40,"base45",4296
2865,40,"base10",6958
2866,40,"base10",6961
2867,40,"base10",6963
2868,40,"base10",6966
2869,40,"base10",6968
2870,40,"base10",6970
2871,40,"base10",6973
2872,40,"base10",6975
2873,40,"base10",6978
2874,40,"base10",6980
2875,40,"base10",6983
2876,40,"base10",6985
2877,40,"base10",6987
2878,40,"base10",6990
2879,40,"base10",6992
2880,40,"base10",6995
2881,40,"base10",6997
2882,40,"base10",7000
2883,40,"base10",7002
2884,40,"base10",7004
2885,40,"base10",7007
2886,40,"base10",7009
2887,40,"base10",7012
2888,40,"base10",7014
2889,40,"base10",7017
2890,40,"base10",7019
2891,40,"base10",7021
2892,40,"base10",7024
2893,40,"base10",7026
2894,40,"base10",7029
2895,40,"base10",7031
2896,40,"base10",7034
2897,40,"base10",7036
2898,40,"base10",7038
2899,40,"base10",7041
2900,40,"base10",7043
2901,40,"base10",7046
2902,40,"base10",7048
2903,40,"base10",7051
2904,40,"base10",7053
2905,40,"base10",7055
2906,40,"base10",7058
2907,40,"base10",7060
2908,40,"base10",7063
2909,40,"base10",7065
2910,40,"base10",7068
2911,40,"base10",7070
2912,40,"base10",7072
2913,40,"base10",7075
2914,40,"base10",7077
2915,40,"base10",7080
2916,40,"base10",7082
2917,40,"base10",7085
2918,40,"base10",7087
2919,40,"base10",7089